Query,Topic
Biological Weapon,COVID-19 Biological Weapon
CCP virus,COVID-19 Biological Weapon
man-made virus,COVID-19 Biological Weapon
China virus,COVID-19 Biological Weapon
fact chinesemade virus,COVID-19 Biological Weapon
revelations gravitas china virus coverup,COVID-19 Biological Weapon
lab leak theory,COVID-19 Lab Leak Theory
WHO coverup,COVID-19 Lab Leak Theory
china scientist create virus,COVID-19 Lab Leak Theory
North Carolina lab in US,COVID-19 Lab Leak Theory
Kungflu,COVID-19 Lab Leak Theory
evidence virus lab,COVID-19 Lab Leak Theory
5g bad effect,COVID-19 5G Claims
5g conspiracy,COVID-19 5G Claims
5g and covid19 link,COVID-19 5G Claims
the dangers of 5g radiation,COVID-19 5G Claims
why 5g testing cause corona,COVID-19 5G Claims
dangers 5g,COVID-19 5G Claims
destroy Africa,COVID-19 Bill Gates Claims
depopulate the world,COVID-19 Bill Gates Claims
vaccine testing africa,COVID-19 Bill Gates Claims
bill gates vaccine chip,COVID-19 Bill Gates Claims
bill gates exposed,COVID-19 Bill Gates Claims
happened vaccine devil,COVID-19 Bill Gates Claims
sanitize,COVID-19 Spread of Virus
dogs and cats,COVID-19 Spread of Virus
Covid 19 Spread And Precautions,COVID-19 Spread of Virus
precaution for pets,COVID-19 Spread of Virus
spread of covid by a bat,COVID-19 Spread of Virus
social spread,COVID-19 Spread of Virus
sesame oil,COVID-19 Treatment of Virus
garlic,COVID-19 Treatment of Virus
herbs,COVID-19 Treatment of Virus
local concoctions,COVID-19 Treatment of Virus
treatment covid19 government,COVID-19 Treatment of Virus
dealing vulnerable population,COVID-19 Treatment of Virus
population control,COVID-19 Population Control
mass murder,COVID-19 Population Control
plandemic,COVID-19 Population Control
nuremberg code,COVID-19 Population Control
brainwashing,COVID-19 Population Control
vaccines depopulation,COVID-19 Population Control
MRNA,COVID-19 Vaccine Content Claims
hek-293 cells,COVID-19 Vaccine Content Claims
fetal tissue research,COVID-19 Vaccine Content Claims
abortion used in vaccine,COVID-19 Vaccine Content Claims
organ harvesting,COVID-19 Vaccine Content Claims
conscience vaccines abortion,COVID-19 Vaccine Content Claims